numero,votos_nominais,situacao,nome,nome_urna,sexo,data_nasc,destino_voto,numero_partido
23626,1588,Suplente,JOSÉ FRANCISCO MAIO FILHO,ZEZITO MAIO,M,02/12/1957,Válido,23
23222,1115,Suplente,BRUNO ALVES DE SOUZA TOLEDO,BRUNO TOLEDO,M,05/08/1980,Válido,23
23113,86,Suplente,MÔNICA RAYMUNDO,MÔNICA RAY,F,15/11/1967,Válido,23
23000,1810,Suplente,LEONIL DIAS DA SILVA,LEONIL,M,08/09/1979,Válido,23
23444,7213,Eleito,DENNER JANUÁRIO DA SILVA,DENNINHO SILVA,M,23/01/1983,Válido,23
23213,266,Suplente,ADRIANA MONTEIRO LIMA,DRICA MONTEIRO,F,16/09/1980,Válido,23
23323,393,Suplente,PATRICIA HULLE,ENFERMEIRA PATRICIA HULLE,F,09/03/1967,Válido,23
23333,1316,Suplente,WAGNER FUMIO ITO,WAGUINHO ITO,M,26/06/1964,Válido,23
23225,34,Suplente,MARA CONCEIÇÃO SANTOS SILVEIRA,MARA SILVEIRA,F,08/12/1986,Válido,23
23123,2247,Eleito,MAURICIO SOARES LEITE,MAURICIO LEITE,M,16/08/1957,Válido,23
23456,3105,Eleito,LUIZ EMANUEL ZOUAIN DA ROCHA,LUIZ EMANUEL,M,30/12/1961,Válido,23
23321,498,Suplente,IRECY DA SILVA MUNIZ,IRECY MUNIZ,F,23/10/1963,Válido,23
23023,2104,Suplente,VINÍCIUS JOSÉ SIMÕES,VINICIUS SIMÕES,M,24/04/1977,Válido,23
15283,80,Não eleito,CARMEM CELIA LIMA DA SILVA,CARMEM CELIA,F,03/02/1955,Válido,15
15007,18,Não eleito,MARCOS ROBERTO DAMIANI,MARCOS DAMIANI,M,13/09/1968,Válido,15
15999,187,Não eleito,MARCO ANTONIO DE OLIVEIRA,MARCOS PAI DOS SETE AUTISTAS,M,20/10/1968,Válido,15
15333,249,Não eleito,VERA LUCIA GOMES FARIA,VERA GOMES,F,22/04/1967,Válido,15
15000,42,Não eleito,MARIA APARECIDA DE OLIVEIRA,MARIA LOYOLA,F,15/06/1971,Válido,15
15151,435,Não eleito,JADER NASCIMENTO DA SILVA,JADER NASCIMENTO,M,16/07/1977,Válido,15
15222,180,Não eleito,ALEXANDRE FURIERI RODRIGUES,ALEXANDRE FURIERI,M,01/12/1965,Válido,15
15020,69,Não eleito,PAOLA LIDIANA CUSINI DE AGUIAR,PAOLA AGUIAR,F,10/12/1981,Válido,15
15123,105,Não eleito,GILSON LIRA BRAGA,GILSON BRAGA,M,22/07/1964,Válido,15
15800,58,Não eleito,REGINA CELIA NETTO,REGINA CELIA,F,29/01/1969,Válido,15
15033,92,Não eleito,BORIS CASTRO,BORIS CASTRO,M,26/04/1934,Válido,15
15678,30,Não eleito,DETAMAR COITINHO,MARZINHO LOCUTOR,M,05/09/1966,Válido,15
15777,73,Não eleito,RONALDO CASOTTI RIBEIRO,RONALDO CASOTTI,M,10/05/1972,Válido,15
11401,105,Não eleito,FLAVIO MARTINS ANDRADE,FLAVIM MARTINS ANDRADE,M,18/06/1985,Válido,11
11100,121,Não eleito,RONDINELI DA SILVA JANUARIO,SOU MAIS NELIO,M,01/09/1979,Válido,11
11012,200,Não eleito,PEDRO VIEIRA DOS SANTOS,PEDRO MOTORISTA,M,30/06/1967,Válido,11
11111,226,Não eleito,ANDRESSA MORENO,ANDRESSA MORENO,F,07/12/1969,Válido,11
11444,257,Não eleito,JOVACI MARTINS BARBOSA,JOVACI BRACINHO,M,19/07/1959,Válido,11
11777,18,Não eleito,ELIENE SOUZA DOS SANTOS,LILI CALMON,F,20/03/1989,Válido,11
11000,73,Não eleito,JONES EVANDRO DE ABREU PRESCHOLDT JUNIOR,JONES ABREU,M,18/04/1994,Válido,11
11115,72,Não eleito,SERGIO CLAUDIO DE ANDRADE,PRESBITERO SERGIO,M,15/08/1965,Válido,11
11333,301,Não eleito,LUCIANO BRAVIN TRINDADE,LUCIANO BRAVIN,M,31/05/1977,Válido,11
11028,78,Não eleito,WANDERLEY GREGORIO,MISTER JAMES,M,30/11/1954,Válido,11
11789,58,Não eleito,ANDREA CRISTINA COELHO,ANDREA CRISTINA,F,25/06/1970,Válido,11
11222,126,Não eleito,LARISSA LORRAN,LARISSA LORRAN,F,09/12/1967,Válido,11
11123,684,Não eleito,IGOR AWAD BARCELLOS,IGOR AWAD,M,12/09/1986,Válido,11
25222,130,Não eleito,ISMAEL PASTORINI,ISMAEL PASTORINI,M,12/10/1968,Válido,25
25500,64,Não eleito,LETICIA FERREIRA DOS SANTOS,LETICIA FERREIRA,F,24/08/1984,Válido,25
25678,14,Não eleito,MARIA DA GLORIA SILVA DE OLIVEIRA,GLORINHA,F,07/08/1951,Válido,25
25005,401,Não eleito,WILLIAS NEVES DE SOUZA,WILLIAS NEVES,M,06/12/1984,Válido,25
25190,124,Não eleito,ADALBERTO DIAS,DIAS DA ILHA,M,30/05/1967,Válido,25
25123,1232,Não eleito,SANDRO DE MENEZES PARRINI,SANDRO PARRINI,M,20/04/1970,Válido,25
25113,71,Não eleito,BRUNA RAMALHO CAVALVANTE,BRUNA RAMALHO,F,17/08/1986,Válido,25
25001,29,Não eleito,IVONETE LIMA MILAGRES,IVONETE MILAGRES ATLETA,F,15/04/1962,Válido,25
25100,56,Não eleito,ANDRE FELIPE BEZERRA DE SOUZA,ANDRE BEZERRA,M,07/08/1974,Válido,25
25000,217,Não eleito,JAIR LUIZ FRANÇA FILHO,JAIR FRANÇA,M,12/06/1966,Válido,25
25777,84,Não eleito,RENAN DE SOUZA PEREIRA,RENAN DE SOUZA,M,07/07/1987,Válido,25
25111,170,Não eleito,MARCIO OLIVEIRA LESSA,MARCIO DA FARMACIA,M,04/06/1976,Válido,25
25025,360,Não eleito,CARLOS LUIZ ZAGANELLI FILHO,CARLOS ZAGANELLI,M,18/07/1981,Válido,25
25444,677,Não eleito,CLEBER JOSE FELIX,CLEBER FELIX,M,26/08/1972,Válido,25
25600,94,Não eleito,JORGE RODRIGUES MOREIRA,JORGE RODRIGUES,M,21/01/1969,Válido,25
25236,25,Não eleito,MARIA MADALENA SILVA DA SILVA,PASTORA MADALENA,F,04/11/1964,Válido,25
12222,219,Suplente,ROSILANE GONÇALVES CINTRA MATOS,TIA ROSE CINTRA,F,09/04/1972,Válido,12
12999,66,Suplente,RENATA MARISA SILVA DA LUZ DA FONSECA,PANDORA DA LUZ,F,13/03/1970,Válido,12
12321,1165,Suplente,PEDRO MANSUR TRÉS,PEDRO TRÉS,M,30/04/1994,Válido,12
12012,272,Suplente,FLÁVIO MOTA SALVADOR,FLÁVIO FEIRANTE,M,17/08/1987,Válido,12
12400,83,Suplente,ALESSANDRO MAGNO VALENTIN GOMES,ALESSANDRO MAGNO,M,14/10/1975,Válido,12
12800,31,Suplente,ELMA MARIA DA SILVA,ELMA PEREIRA,F,08/11/1962,Válido,12
12700,127,Suplente,PAULO ROBERTO DIAS NASCIMENTO,PAULO FOTÓGRAFO,M,20/09/1969,Válido,12
12500,680,Suplente,DANIEL ANTUNES GARCIA ESTRADA,DANIEL SOM,M,09/09/1974,Válido,12
12333,241,Suplente,FÁBIO LUIZ DE JESUS MAGALHÃES,FÁBIO LUIZ DO VÔLEI,M,13/03/1979,Válido,12
12900,371,Suplente,ADILSON DE LIMA TIBURCIO,DILSINHO,M,17/05/1969,Válido,12
12777,743,Suplente,MARCOS SUEL DOS ANJOS,MARCÃO SUEL,M,14/09/1985,Válido,12
12100,180,Suplente,ALAN DOS SANTOS CORREIA,ALAN DA ILHA,M,23/07/1975,Válido,12
12147,64,Suplente,ROSA JULIA GANDINI AMANCIO,ROSA GANDINI,F,30/09/1955,Válido,12
12150,166,Suplente,DAVID DE JESUS PEREIRA,DAVID PÃO DE QUEIJO,M,07/03/1969,Válido,12
12190,448,Suplente,GÉSIO LOURENÇO DA SILVA,CAPITÃO GÉSIO LOURENÇO,M,25/12/1966,Válido,12
12888,222,Suplente,ZILMÁRIA VICENTE SANTOS DE AZEVEDO,ZILMÁRIA AZEVEDO,F,26/01/1962,Válido,12
12369,655,Suplente,ALEXSANDRO CAMARGO SILVARES,DR ALEX CAMARGO,M,21/02/1979,Válido,12
12750,13,Suplente,IVONETE DOS SANTOS FRANÇA,IVONETE FRANÇA,F,04/02/1955,Válido,12
12000,1300,Eleito,ADALTO BASTOS DAS NEVES,DALTO NEVES,M,30/09/1968,Válido,12
12345,895,Suplente,RAIMUNDO DE OLIVEIRA SILVA,RAIMUNDO DE OLIVEIRA,M,14/01/1947,Válido,12
12450,130,Suplente,EDILSON SANTANA RANGEL,EDILSON BAIXINHO DA SAÚDE,M,15/03/1969,Válido,12
12123,186,Suplente,GILSON ANTUNES,GILSON ANTUNES,M,08/07/1949,Válido,12
65456,27,Não eleito,JOÃO DE MORAES MACHADO,JOÃO MORAES,M,03/09/1963,Válido,65
65342,30,Não eleito,JOSE HANTEQUESTT,CHACRINHA DO FUTEBOL,M,29/01/1964,Válido,65
65333,82,Não eleito,ROGERIO FERREIRA SOARES,ROGERIO BIROSKA,M,08/04/1961,Válido,65
65138,9,Não eleito,LUIZ FLORENTINO DA SILVA,FLORENTINO,M,10/03/1938,Válido,65
65012,30,Não eleito,SUELI DINHA RECLA,SUELI COSTUREIRA,F,12/10/1961,Válido,65
65000,60,Não eleito,EDER CORREA DA PENHA JUNIOR,PROFESSOR EDER,M,19/04/1996,Válido,65
65655,40,Não eleito,THEREZINHA ALVES DE OLIVEIRA SCOPEL,THEREZINHA SCOPEL,F,19/09/1971,Válido,65
65169,26,Não eleito,FERNANDA DOS ANJOS CAMPOS,FERNANDA CAMPOS,F,04/03/1989,Válido,65
65651,90,Não eleito,JOSE CARLOS RABELLO FILHO,CARLOS RABELLO,M,19/06/1970,Válido,65
65065,15,Não eleito,PAULO CESAR DE OLIVEIRA,PAULO VIX OLIVEIRA,M,01/01/1969,Válido,65
65007,22,Não eleito,SERGIO SANTOS TAVARES,SERGIO TAVARES,M,17/01/1962,Válido,65
65123,42,Não eleito,FERNANDA DE JESUS FERREIRA GOMES,NANDA GOMES,F,09/06/1988,Válido,65
30300,1669,Não eleito,BRENO PANETTO MORAIS,BRENO PANETTO,M,25/03/1996,Válido,30
30007,1022,Não eleito,FREDERICO PERINI MUNIZ,FRED MUNIZ,M,08/09/1978,Válido,30
30033,209,Não eleito,ISABEL ELMINIA LUPKI,PROFESSORA ISABEL LUPKI,F,04/10/1955,Válido,30
30001,357,Não eleito,GUILHERME DARÉ DE LIMA,DELEGADO DARÉ,M,24/06/1962,Válido,30
30000,186,Não eleito,VICTOR CESAR TRISTÃO PIOTO PRINCISVAL,VICTOR CESAR,M,27/01/1987,Válido,30
30777,266,Não eleito,KARLA PRATES,KARLA PRATES,F,02/12/1964,Válido,30
28777,174,Não eleito,CARLOS EDUARDO ROMANO,ROMANO,M,18/09/1969,Válido,28
28038,28,Não eleito,ROSELI KLUEGER GUIMARÃES,ROSY,F,23/08/1958,Válido,28
28222,7,Não eleito,OSMARA CRISTINA BRAGA SCHWARTZ,MARA SCHWARTZ,F,14/04/1978,Válido,28
28028,674,Não eleito,MARCELO LOUREIRO,MARCELO LOUREIRO,M,12/12/1971,Válido,28
55007,195,Suplente,JEVITA DO NASCIMENTO COUTINHO DA SILVA,JÉVITA COUTINHO,F,31/01/1986,Válido,55
55888,632,Suplente,ENOCK SAMPAIO TORRES,DR. ENOCK,M,14/01/1959,Válido,55
55205,36,Suplente,VANESSA DOS SANTOS,VANESSA SANTOS,F,10/04/1989,Válido,55
55550,79,Suplente,TANIA MARIA DE JESUS SILVA,TÂNIA DO ROMÃO,F,09/07/1970,Válido,55
55027,89,Suplente,PABLO MARTINELLI DA SILVA,PABLO MARTINELLI,M,26/11/1979,Válido,55
55500,1657,Suplente,PEDRO HENRIQUE VASSOLLER SARKIS,PEDRO SARKIS,M,01/12/1995,Válido,55
55222,620,Suplente,WILLIAN TEIXEIRA BARCELLOS,WILLIAN TEIXEIRA,M,12/03/1991,Válido,55
55551,610,Suplente,SIDNEY DA COSTA FERREIRA,SIDNEY FERREIRA,M,18/06/1973,Válido,55
55789,50,Suplente,JOSENIRA PINTO DOS SANTOS,JO SANTOS,F,02/01/1963,Válido,55
55444,352,Suplente,SIDILENE DOS SANTOS AMON,SIDILENE AMON,F,29/07/1983,Válido,55
55177,293,Suplente,LILA PIMENTA TAVARES,LILA TAVARES,F,18/06/1978,Válido,55
55123,136,Suplente,JULIO CESAR ROGERIO,JULIO CESAR,M,23/05/1976,Válido,55
55055,370,Suplente,IZAEL MORAIS DOS SANTOS,IZAEL MORAIS,M,01/01/1978,Válido,55
55321,756,Suplente,NAONE MANUEL GARCIA,NAONE GARCIA,M,09/05/1986,Válido,55
55021,410,Suplente,ALTAMIR ALVES MARTINS,ALTAMIR ALVES MARTINS,M,20/09/1955,Válido,55
55333,517,Suplente,ANDRE LUIS CAMPOS PINHEIRO ALVES,ANDRÉ LUIS ALVES,M,27/03/1974,Válido,55
55000,3408,Eleito,DAVI ESMAEL MENEZES DE ALMEIDA,DAVI ESMAEL,M,26/05/1982,Válido,55
55555,486,Suplente,JOSE DA SILVA,SARGENTO DA SILVA,M,17/12/1963,Válido,55
55100,403,Suplente,JONATAS PROCOPIO LOPES,JONATAS PROCÓPIO,M,08/01/1986,Válido,55
55777,458,Suplente,DIEGO VITORINO,DIEGO VITORINO,M,04/03/1985,Válido,55
55023,79,Suplente,WAGNER SILVEIRA RAMOS,WAGUINHO,M,03/06/1979,Válido,55
55190,186,Suplente,FRANCISCO SCHIMITBERGER,SCHIMIT,M,05/11/1967,Válido,55
55111,156,Suplente,ROVENA MIRANDA LARANJA,DRA. ROVENA,F,01/11/1975,Válido,55
20777,12,Suplente,SANDRA MARIA NASCIMENTO BATISTA,MISSIONÁRIA SANDRA,F,08/12/1957,Válido,20
20000,417,Suplente,RAFAEL SOUZA FERREIRA DOS SANTOS,RAFAEL FERREIRA,M,25/09/1982,Válido,20
20100,1693,Eleito,ANDRÉ BRANDINO PEGO,ANDRÉ BRANDINO,M,14/03/1981,Válido,20
20192,547,Suplente,JOÃO CARLOS DOS SANTOS,JOÃO CARLOS BARATA,M,21/03/1962,Válido,20
20999,247,Suplente,SEBASTIÃO ELIAS BATISTA,ELIAS BATISTA,M,23/09/1967,Válido,20
20200,1048,Suplente,WANDERSON JOSÉ DA SILVA MARINHO,WANDERSON MARINHO,M,02/12/1982,Válido,20
20300,80,Suplente,GISELLY DOS SANTOS CHAGAS,GISELLY CHAGAS,F,28/08/1984,Válido,20
20301,53,Suplente,AMARILIO BRAGA,AMARILIO BRAGA,M,06/03/1952,Válido,20
20500,35,Suplente,MARCOS VIEIRA KRUGER,MARCOS KRUGER,M,13/03/1993,Válido,20
20123,1507,Suplente,BRUNO MALIAS MENDES,BRUNO MALIAS,M,29/03/1980,Válido,20
20400,35,Suplente,RODRIGO DIAS DOS SANTOS,RODRIGO DIAS,M,07/09/1986,Válido,20
20222,277,Suplente,JOSÉ DE OLIVEIRA MARINS,JOSÉ MARINS ,M,04/10/1960,Válido,20
20193,139,Suplente,EMERSON ANTÔNIO ROCHA PAZETO,CORONEL PAZETO,M,11/02/1976,Válido,20
20020,567,Suplente,PATRICIA PIMENTEL ORLETTE,PATRÍCIA ORLETTE,F,30/05/1973,Válido,20
20156,1554,Suplente,SEBASTIÃO LUIZ DE CARMO CASTRO,SEBASTIÃO LUIZ,M,20/01/1975,Válido,20
20789,20,Suplente,LUCIANA DE OLIVEIRA,LÚ DA PRAÇA DO POVO,F,15/11/1972,Válido,20
20601,27,Suplente,EDNILDA NEVES MARTINS,ANA MARTINS,F,24/11/1972,Válido,20
20567,134,Suplente,CLAUDIO ALVES DA SILVA,DINHO ALVES DA COMUNIDADE,M,01/06/1967,Válido,20
20234,426,Suplente,LUDYANDERSON BINAH RODRIGUÊS GONÇALVES,LUDYNHO BINAH,M,26/02/1991,Válido,20
20331,220,Suplente,ADRIANO ABRAÃO VICENTE,ADRIANO ABRAÃO,M,02/07/1977,Válido,20
20007,304,Suplente,CRISTIANA APARECIDA NASCIMENTO GOMES,CRISTIANA,F,30/12/1976,Válido,20
17444,1265,Suplente,ADRIANO BARCELOS FRAGA,ADRIANO FRAGA,M,01/03/1972,Válido,17
17124,120,Suplente,EMANUEL DA PENHA RIBEIRO,MANEL DA PRAIA DO SUÁ,M,06/06/1954,Válido,17
17181,515,Suplente,ALOIR ROCHA NEVES,CAP ALOIR ROCHA,M,28/05/1970,Válido,17
17027,82,Suplente,RAMON MARTINS CATARINO DE OLIVEIRA,RAMON CATARINO,M,09/05/1988,Válido,17
17456,28,Suplente,CLAUDIONICE GONÇALVES SANTOS FONSECA,CLAUDIA DO HANDEBOL,F,23/03/1967,Válido,17
17888,88,Suplente,EDMARA JULIÃO LOPES,EDMARA LOPES,F,22/06/1970,Válido,17
17177,122,Suplente,ADILSON HELMER,ADILSON BATON,M,03/08/1969,Válido,17
17000,1056,Suplente,JANSEN CUZUOL RIBEIRO FILHO,DR JANSEN,M,04/06/1981,Válido,17
17111,44,Suplente,POLIANA DA SILVA ROCHA ZEFERINO,POLIANA ROCHA,F,27/10/1982,Válido,17
17555,772,Suplente,CHARLES FERREIRA DA ROCHA,CHARLES ROCHA,M,07/06/1978,Válido,17
17123,390,Suplente,MARCOS DOS SANTOS SILVA,MARQUINHOS SANTOS,M,10/03/1985,Válido,17
17333,26,Suplente,MAYZARA MIRANDA DALLAPICOLA,MAYZARA DA SAÚDE,F,25/12/1961,Válido,17
17777,1567,Eleito,ANTONIO EDUARDO OLIVEIRA SANTOS,DUDA BRASIL,M,13/06/1970,Válido,17
17789,20,Suplente,IVONI AUXILIADORA PIASSAROLI FELIX,IVONI PIASSAROLI,F,27/09/1964,Válido,17
17192,55,Suplente,MARCOS DOMINGOS DOS SANTOS,MARCOS SANTOS,M,11/05/1974,Válido,17
17003,416,Suplente,LINDIOMAR TEODORO DOS SANTOS,LINDIOMAR COCO GARI,M,29/07/1965,Válido,17
17156,141,Suplente,KLEISON OLIVEIRA DA CONCEIÇÃO,GLEISINHO CONCEIÇÃO,M,28/03/1986,Válido,17
17018,121,Suplente,LETYCIA RODRIGUES DOS SANTOS COELHO,TIA LELE SANTOS,F,07/08/1983,Válido,17
17190,787,Suplente,CARLOS ROBERTO CAETANO,ROBERTO CAETANO,M,01/08/1966,Válido,17
17331,213,Suplente,MAYCON GABRIEL GUIMARÃES DE SOUZA,MAYCON GUIMARÃES,M,23/01/1989,Válido,17
17222,1143,Suplente,ROSIMARA MARIA VENTURA ROSA,MARA MAROCA,F,27/06/1981,Válido,17
50123,830,Suplente,ANDRE LUIZ MOREIRA,ANDRE MOREIRA,M,13/11/1972,Válido,50
50999,126,Suplente,JULIANA PEREIRA,JUNTAS JU PEREIRA,F,31/10/1985,Válido,50
50211,127,Suplente,VANDERSON MEIRELLES LIBERATO,VANDER MEIRELLES,M,16/02/1987,Válido,50
50180,5625,Eleito,CAMILA COSTA VALADÃO,CAMILA VALADÃO,F,29/08/1984,Válido,50
50100,100,Suplente,FERNANDO COLOMBI DA SILVA LEITE,FERNANDO COLOMBI,M,26/08/1985,Válido,50
50000,29,Suplente,RODRIGO BERNARDO PARAISO,MC POPAY,M,30/06/1981,Válido,50
14400,57,Suplente,NELSON GUILHERME ROSADO TORRES,NELSON TORRES,M,03/12/1974,Válido,14
14488,373,Suplente,MARIA BERNADET ROMANIA,BELLA DE ANDORINHAS,F,16/05/1957,Válido,14
14182,1723,Suplente,ORLANDINO RODRIGUES DE SOUZA,BAIANO DO SALÃO,M,18/06/1973,Válido,14
14111,73,Suplente,MARIA DA PENHA CARDOSO SOUZA,PENHA CARDOSO,F,01/09/1966,Válido,14
14192,821,Suplente,MARCOS AURÉLIO SCARDUA,MARCOS AURÉLIO,M,04/06/1977,Válido,14
14322,781,Suplente,ADMILSON BASTOS DAS NEVES,NENO NEVES,M,17/07/1970,Válido,14
14888,82,Suplente,JUALDO FERREIRA,PASTOR JUALDO FERREIRA,M,09/08/1966,Válido,14
14333,203,Suplente,JOMAS BARBOSA DE OLIVEIRA,JOMAS BARBOSA,M,17/03/1979,Válido,14
14031,828,Suplente,VITAL RONALT ARAUJO RIBEIRO,RONALT RIBEIRO,M,13/02/1976,Válido,14
14741,372,Suplente,ROSE LOPES,ROSE LOPES,F,02/01/1975,Válido,14
14155,47,Suplente,WALMA RODRIGUES PEREIRA BARROS,WALMA RODRIGUES,F,13/02/1962,Válido,14
14222,41,Suplente,ANSELMO RODRIGUES SEIXAS,ANSELMO SEIXAS,M,06/01/1955,Válido,14
14123,1736,Eleito,ANDERSON GOGGI RODRIGUES,ANDERSON GOGGI,M,09/05/1981,Válido,14
14027,235,Suplente,ALEX FAGUNDES CAETANO,FAGUNDES,M,18/07/1977,Válido,14
14555,704,Suplente,GRAÇA MELINA NUNES DE SOUZA,MELINA,F,18/07/1984,Válido,14
14777,568,Suplente,REGINALDO DO NASCIMENTO,MESTRE REGINALDO,M,28/09/1960,Válido,14
14379,17,Suplente,REGIANI DA PENHA LIMA NERY,REGIANI NERY,F,03/09/1979,Válido,14
14456,35,Suplente,ZITA EMILIENY SERRÃO COSTA,ZITA,F,27/04/1999,Válido,14
36000,90,Não eleito,WALTER HENRIQUE NASCIMENTO JORGE,WALTINHO DO TAXI,M,02/02/1972,Válido,36
43330,32,Suplente,VIVIANE CASOTI ARRECO,VIVIANE CASOTI,F,12/11/1974,Válido,43
43156,47,Suplente,ELIAS MUGRABI DE OLIVEIRA,ELIAS MUGRABI,M,20/01/1960,Válido,43
43222,1151,Suplente,FABIANO NUNES TEIXEIRA,FABIANO NUNES,M,03/08/1973,Válido,43
43180,94,Suplente,RENATA OLIVEIRA BOMFIM,RENATA BOMFIM,F,21/11/1972,Válido,43
43999,32,Suplente,MARIO JUNIOR FREITAS CORRÊA,PROFESSOR MARIO JUNIOR,M,14/12/1975,Válido,43
43900,44,Suplente,LEDIMAR CLENY CHUABE,LEDIMAR PÃO ABENÇOADO,M,29/09/1964,Válido,43
43444,123,Suplente,ROBSON BRANDÃO NEVES,ROBSON BRANDÃO,M,02/08/1968,Válido,43
43000,1427,Suplente,CAMILLO AUGUSTO MARCHEZI DE OLIVEIRA NEVES,CAMILO NEVES,M,29/08/1991,Válido,43
43043,147,Suplente,LEONARDO CAETANO KROHLING,LEO KROHLING,M,01/11/1974,Válido,43
43274,134,Suplente,ILDA MARTINS PEREIRA ROSSI,ILDA MAYARA,F,19/10/1964,Válido,43
43100,371,Suplente,FREDERICO VAREJÃO FILGUEIRAS,FRED VAREJÃO,M,25/09/1980,Válido,43
43123,1062,Suplente,PAULO VITOR AQUINO DAL'COL,PAULO VITOR PV,M,25/01/1990,Válido,43
43883,46,Suplente,MARIA DAS GRAÇAS VERAZ,GRAÇA DELEGADA,F,16/10/1957,Válido,43
43210,173,Suplente,ELSON BOM DE OLIVEIRA,ELSON BOM,M,26/12/1957,Válido,43
43357,109,Suplente,DAMIÃO DO NASCIMENTO,DAMIÃO DO NASCIMENTO,M,08/06/1967,Válido,43
43777,108,Suplente,ALMIR PINTO RIBEIRO JUNIOR,ALMIR DA FARMACIA,M,08/07/1968,Válido,43
43303,65,Suplente,IZABELA GOMES SENA,IZABELA GOMES,F,11/06/1989,Válido,43
43212,32,Suplente,MARIANGELA ZACCHE DE AGUIAR BRINCO,PROFESSORA MARIANGELA BRINCO,F,15/02/1958,Válido,43
43843,19,Suplente,ANDRESSA DE PAULA SALES,ANDRESSA DE PAULA SALES,F,29/11/1981,Válido,43
43111,1952,Eleito,LUIZ PAULO RODRIGUES DE AMORIM,LUIZ PAULO AMORIM,M,18/06/1954,Válido,43
43333,791,Suplente,ESPEDITO BERNARDO DA SILVA,ESPEDITO CEARA,M,17/09/1970,Válido,43
43678,1334,Suplente,EDMAR GALVAO,MAZINHO GALVÃO,M,09/12/1975,Válido,43
43789,34,Suplente,ANTONIO SERGIO MEYRELLES,SERGINHO MEDINA,M,13/10/1967,Válido,43
35123,690,Não eleito,WILLIANS BERMUDES NUNES,WILLIANS BIGU,M,23/03/1970,Válido,35
35035,112,Não eleito,RICARDO JOSE RIOS REGIS,RICARDO BATAN,M,27/02/1964,Válido,35
35712,46,Não eleito,MARILZA DOS SANTOS GUERRA,PASTORA MARILZA,F,06/11/1963,Válido,35
35181,296,Não eleito,RIXON PINHEIRO DA SILVA,RIXON PINHEIRO,M,12/11/1988,Válido,35
35065,82,Não eleito,JONAS OLIVEIRA JUNIOR,JONAS JUNIOR JJ,M,23/12/1980,Válido,35
35222,456,Não eleito,MARCOS VINICIUS CARNEIRO GOULART,MARCOS VINICIUS,M,12/02/1966,Válido,35
35333,84,Não eleito,ELIZANGELA MARIANO DOS SANTOS,ELIZANGELA MARIANO,F,26/05/1979,Válido,35
35151,180,Não eleito,FRANCISCO ALEXANDRE DE CASTRO FREITAS,ALEXANDRE FREITAS,M,08/08/1982,Válido,35
35156,397,Não eleito,RAFAEL MENEGUITE,RAFAEL PIREL,M,15/09/1982,Válido,35
35000,321,Não eleito,MARCO ANTONIO DOS SANTOS,FINNHO,M,26/06/1975,Válido,35
35999,67,Não eleito,ANTONIO SERGIO DE SOUZA,CEARA DO GAS,M,09/09/1966,Válido,35
35500,45,Não eleito,MARIA DE LOURDES DE OLIVEIRA ALVES VASCONCELOS,MISSIONÁRIA LOURDES,F,13/12/1973,Válido,35
35555,492,Não eleito,FELIPE FRAGA MELO DA SILVA,FELIPE MELO,M,24/08/1977,Válido,35
35315,537,Não eleito,JOSE ROGERIO ADAMI,PATÃO,M,11/12/1961,Válido,35
35121,46,Não eleito,WALTER RIBEIRO DE SOUSA,WALTER DO GAS,M,28/06/1963,Válido,35
35355,18,Não eleito,LEONARDO DA SILVA BARBOSA,LÉLEU TORÃO,M,07/05/1975,Válido,35
35600,28,Não eleito,JAQUELINE DA SILVA BARROS,JAQUELINE BARROS,F,28/09/1971,Válido,35
35777,78,Não eleito,MONICA MARIANO,MONICA SALLES,F,21/02/1986,Válido,35
45232,38,Não eleito,ZENAIDE TEIXEIRA PESSANHA,ZENAIDE,F,29/05/1978,Válido,45
45045,201,Não eleito,DANIEL RESENDE ZAVATÁRIO SIMÕES,DANIEL SIMÕES,M,14/11/1991,Válido,45
45678,783,Não eleito,VALDIR SILVA DOS SANTOS,VALDIR DA NEUZINHA,M,20/10/1971,Válido,45
45190,149,Não eleito,FLÁVIO CAMPOS DE OLIVEIRA,PAPINHA,M,19/05/1971,Válido,45
45523,75,Não eleito,AGUSTINHO SABADINI,AGUSTINHO - 45523,M,05/12/1959,Válido,45
45123,34,Não eleito,JOSÉ FERNANDES DE LIMA,ZÉ FERNANDES,M,16/08/1952,Válido,45
45161,69,Não eleito,JOSÉ RENATO DA SILVA,JOSÉ RENATO,M,21/10/1960,Válido,45
45100,449,Não eleito,DENISE RABELLO E CARVALHO LOUREIRO,DENISE RABELLO,F,22/09/1969,Válido,45
45013,129,Não eleito,EVERALDO SAMPAIO LOUREIRO,DIDA,M,20/10/1962,Válido,45
45373,99,Não eleito,ROGÉRIO FRANCISCO DOS SANTOS,ROGERIO SANTOS,M,03/12/1973,Válido,45
45025,389,Não eleito,FABRÍCIO MUGUY AMÂNCIO,BARRIGA,M,21/03/1978,Válido,45
45222,210,Não eleito,DANILO CEZAR BISPO DOS SANTOS MARCELINO,DANILO CEZAR,M,25/12/1987,Válido,45
45555,38,Não eleito,TEREZA CRISTINA GUILHERME,TEREZA CRISTINA,F,10/04/1971,Válido,45
45180,92,Não eleito,MARIA APARECIDA ROATTI GOMES,PROFESSORA CIDA ROATTI,F,12/05/1958,Válido,45
45612,725,Não eleito,KEYLA DA CUNHA DIAS,KEYLA DIAS,F,04/01/1967,Válido,45
45333,226,Não eleito,DALVA CRISTO DA SILVA,DALVA CRISTO,F,19/05/1966,Válido,45
45321,150,Não eleito,ROSALVO AMON BASTOS,PROFESSOR ROSALVO,M,03/06/1967,Válido,45
45789,121,Não eleito,ARTHUR MARQUES CHAGAS,MC ARTHUR,M,22/06/1993,Válido,45
45156,64,Não eleito,ELBAMAR CAVERSAN TOMAS DA VITORIA,ELBAMAR,F,01/06/1962,Válido,45
29000,7,Não eleito,LEON LIMA ANCILOTTI,LEON ANCILOTTI,M,19/12/1989,Anulado sub judice,29
33999,47,Não eleito,GLEIDSON CARVALHO MATHEUS,GLEISSON DO QUADRO,M,14/12/1985,Válido,33
33190,58,Não eleito,MARIA MAELIA FERREIRA DA SILVA,MARLI DO TRAILER,F,16/05/1953,Válido,33
33100,203,Não eleito,EGMAR RODRIGUES DE JESUS,EGMAR DA AUTO ESCOLA,M,22/05/1974,Válido,33
33156,63,Não eleito,RICARDO DOS SANTOS CORREIA,RICARDO CORREIA,M,16/05/1979,Válido,33
33033,212,Não eleito,MARLI OLIVEIRA DOS SANTOS CASTRO,MARLY KASTRO,F,05/11/1982,Válido,33
33600,44,Não eleito,SUELY DOS SANTOS,SUELY MANGUE SECO,F,06/10/1965,Válido,33
33000,106,Não eleito,DANIEL FRANCISCO DA SILVA,DANIEL DA AMBULÂNCIA ,M,16/01/1968,Válido,33
33633,14,Não eleito,PAULO DE TARSO AURORA BARCELOS,PAULO JABURU,M,23/03/1958,Válido,33
33333,81,Não eleito,CLOVES DE OLIVEIRA THEODORO,CLOVINHO,M,28/05/1968,Válido,33
33777,30,Não eleito,MARIA CRISTINA PEREIRA DA SILVA,CRISTINA SILVA,F,05/10/1963,Válido,33
33111,66,Não eleito,MARIA JULIA FERNANDES,MARIA COSTUREIRA,F,22/02/1967,Válido,33
40999,200,Suplente,HENRIQUE SÁVIO NUNES REZENDE,HENRIQUE SÁVIO,M,02/10/1972,Válido,40
40567,257,Suplente,MARCELLO FREICHO PRUCOLI,MARCELLO PRUCOLI,M,29/07/1975,Válido,40
40131,1096,Suplente,GILSON GOMES NETO,PASSARINHO FILHO,M,29/05/2002,Válido,40
40123,526,Suplente,STAEL MAGESCK SERRA,STAEL MAGESCK,F,06/07/1973,Válido,40
40004,161,Suplente,RICARDO SALLES DE SÁ,RICARDO SALLES DE SÁ,M,01/05/1966,Válido,40
40321,77,Suplente,VITORIA CELIA OLIVEIRA PEREIRA SANTANA,VITÓRIA CÉLIA,F,15/11/1954,Válido,40
40444,216,Suplente,ARTUR PEREIRA SILVA FILHO,ARTUR PEREIRA,M,22/01/1977,Válido,40
40213,111,Suplente,LEOMAR DOS SANTOS LUCIANO,LEOMAR LUCIANO,M,10/11/1967,Válido,40
40789,370,Suplente,ARISTON NASCIMENTO MARTINS,ARISTON NASCIMENTO,M,22/02/1970,Válido,40
40175,414,Suplente,JOÃO BATISTA VENÂNCIO DA SILVA,BATISTA,M,08/09/1976,Válido,40
40555,95,Suplente,APARECIDA MARIA MOSCHEM DE SOUZA,CIDA MOSCHEM,F,13/12/1962,Válido,40
40000,1239,Eleito,ALOÍSIO VAREJÃO,ALOÍSIO VAREJÃO,M,15/02/1965,Válido,40
40777,136,Suplente,VIVIANE APARECIDA LIMA,VIVIANE LIMA,F,07/06/1974,Válido,40
40040,590,Suplente,THADEU SILVA PRADO,THADEU PRADO,M,01/11/1981,Válido,40
40001,726,Suplente,FERNANDA PEREIRA,FERNANDA PEREIRA,F,06/07/1982,Válido,40
40456,83,Suplente,REGINA SILVA TOSE,REGINA TOSE,F,27/06/1955,Válido,40
40900,96,Suplente,WANDERSON MARTINS DA SILVA,WANDERSON SILVA,M,31/12/1975,Válido,40
40222,993,Suplente,LUÍS CARLOS COUTINHO,LUISINHO,M,26/07/1957,Válido,40
40333,31,Suplente,RODRIGO ELIAS MARTINS,PASTOR RODRIGO,M,30/01/1966,Válido,40
40100,70,Suplente,WEVERTON FERREIRA PAES,WEVERTON PAES,M,26/11/1956,Válido,40
40027,118,Suplente,FÁBIO MARCOS,FÁBIO MARCOS MARQUETO,M,07/04/1968,Válido,40
40400,492,Suplente,MAXILENE COUTINHO DE OLIVEIRA,MAXILENE GUEDES,F,22/11/1983,Válido,40
13606,79,Suplente,LOURIVAL ZEFERINO PEREIRA,LOURIVALDOPT,M,19/12/1961,Válido,13
13333,167,Suplente,JOSE RIBEIRO GERALDO,ZÉ CAPIVARA,M,03/12/1960,Válido,13
13113,170,Suplente,JURANDI ROSA DE OLIVEIRA,CARTEIRO JURANDI,M,12/02/1977,Válido,13
13713,117,Suplente,IGOR CARVALHO PEREIRA DOS SANTOS,IGOR CIAN,M,24/11/1993,Válido,13
13321,76,Suplente,LUCYANO JESUS RIBEIRO,LUCIANO RIBEIRO,M,28/08/1964,Válido,13
13100,1941,Suplente,JOCELINO DA CONCEIÇÃO SILVA JUNIOR,JOCELINO JUNIOR,M,18/02/1991,Válido,13
13115,55,Suplente,MARCIA TANIA RIBEIRO,MÁRCIA M BERTHA LUTZ,F,23/11/1961,Válido,13
13500,46,Suplente,MARCOS DOS SANTOS,MARQUINHO SANTOS,M,06/08/1958,Válido,13
13130,719,Suplente,MIGUEL ARTHUR MONTEIRO INTRA,MIGUEL INTRA,M,20/03/1996,Válido,13
13023,161,Suplente,MARIA APARECIDA REZENDE DA SILVA,CIDA DE SÃO PEDRO,F,04/07/1967,Válido,13
13660,1018,Suplente,ANTÔNIO ALEXANDRE DOS PASSOS SOUZA,ALEXANDRE PASSOS,M,09/12/1961,Válido,13
13151,172,Suplente,ISAIAS SANTANA DA ROCHA,ISAIAS SANTANA,M,22/02/1954,Válido,13
13013,1961,Eleito,KARLA SILVA COSER,KARLA COSER,F,23/08/1990,Válido,13
13580,41,Suplente,MIKAIL COSER CAVALCANTI,MIKAIL LULA COSER,M,07/09/1990,Válido,13
13123,1192,Suplente,MARCELO SANTOS FREITAS,MARCELÃO,M,11/03/1963,Válido,13
13133,1790,Suplente,AGUINALDO ROCHA DE SOUZA,PROFESSOR AGUINALDO,M,23/02/1967,Válido,13
13000,234,Suplente,BRENDA DE OLIVEIRA MELO,BRENDA MELO,F,07/07/1993,Válido,13
13146,16,Suplente,ARLINDO COELHO PARIZ,ARLINDO CONTADOR,M,06/12/1946,Válido,13
13050,733,Suplente,ANA MARIA PETRONETTO SERPA,ANA PETRONETTO,F,26/07/1950,Válido,13
13456,372,Suplente,ARLETE PEREIRA,ARLETE PEREIRA,F,23/06/1962,Válido,13
19020,193,Suplente,IVAN ARENQUE PASSOS,IVAN PASSOS,M,26/05/1968,Válido,19
19111,2,Suplente,RAFAEL NUNES,RAFAEL NUNES,M,06/08/1982,Válido,19
19000,1094,Suplente,EDERSON SILVA PEREIRA,NENO BAHIA,M,06/11/1975,Válido,19
19888,73,Suplente,ROMÁRIO SANTOS RAMOS,ROMÁRIO SANTOS,M,16/04/1970,Válido,19
19007,52,Suplente,KARLA BARBOSA DE OLIVEIRA,KARLA SKARINE,F,29/05/1975,Válido,19
19222,145,Suplente,ROSINILDA JUSTINIANO,AGENTE ROSE,F,25/01/1966,Válido,19
19012,47,Suplente,JOSELIA SANTOS PEREIRA,JOSELIA PEREIRA,F,24/05/1975,Válido,19
19333,219,Suplente,LUIZ RICARDO DE REZENDE TINOCO,RICARDO DE REZENDE,M,28/09/1959,Válido,19
19019,1104,Suplente,FRANCISCO HOSQUEM PIRES,CHICO HOSKEN,M,06/05/1959,Válido,19
19444,962,Suplente,JOSE ADOLFO ALMEIDA AMARAL,AMARAL,M,04/06/1971,Válido,19
19777,58,Suplente,KARINA BROMMONSCHENKEL SOARES,KARINA SOARES ,F,17/08/1976,Válido,19
19013,118,Suplente,GRACIETE DE SOUZA,GRACIETE DE SOUZA,F,13/10/1968,Válido,19
19999,156,Suplente,JAIR TEIXEIRA FILHO,SEU JAIR,M,24/10/1950,Válido,19
19190,281,Suplente,OLAVIO XAVIER PRATA,PRATINHA,M,31/12/1953,Válido,19
19365,31,Suplente,MARCELINA MATHIAS DE PAULA,MARCELINA MATHIAS,F,10/02/1965,Válido,19
19321,577,Suplente,WELLINGTON BARBARIOLI JUNIOR,JUNINHO BARBARIOLI,M,14/05/1983,Válido,19
19456,1264,Eleito,ARMANDO FONTOURA BORGES FILHO,ARMANDINHO FONTOURA,M,25/07/1991,Válido,19
19555,274,Suplente,FABIO DA SILVA FREIRE,FABIO FREIRE,M,01/03/1982,Válido,19
19700,477,Suplente,JACIMAR LIMA DE OLIVEIRA,JAJA,M,24/08/1961,Válido,19
19123,607,Suplente,FABIO LUBE RANGEL,FABIO LUBE,M,16/11/1973,Válido,19
19023,473,Suplente,PETERSON WILLIAM PIMENTEL DE SOUZA,PETERSON PIMENTEL,M,23/01/1976,Válido,19
19433,169,Suplente,JOSENY SAMPAIO FIRMINO DOS SANTOS,JOSY SAMPAIO,F,23/08/1968,Válido,19
19544,198,Suplente,ARLETE CORREIA DE LAI,ARLETE DE LAI,F,27/06/1967,Válido,19
51190,860,Suplente,LEONARDO FERNANDES NASCIMENTO,CABO LEONARDO,M,15/01/1983,Válido,51
51025,224,Suplente,AMARILDO VICENTE DE JESUS,AMARILDO,M,25/12/1974,Válido,51
51321,221,Suplente,CLAUDIO LUIZ SANTOS BARCELLOS,CLAUDIO BARCELLOS,M,25/12/1974,Válido,51
51191,784,Suplente,OTAVIANO CAMPAGNARO,OTAVIANO CAMPAGNARO,M,29/09/1978,Válido,51
51192,425,Suplente,JONAS DE OLIVEIRA,JONAS DA SAUDE,M,09/09/1968,Válido,51
51333,36,Suplente,ANA CAROLINE TEIXEIRA DIAS,CAROL CANTORA,F,04/05/1987,Válido,51
51156,430,Suplente,PAULO SERGIO SOUZA OGENIO,INSPETOR OGENIO,M,01/02/1987,Válido,51
51345,72,Suplente,LUCIANA PRADO,LU PRADO,F,20/02/1957,Válido,51
51111,243,Suplente,MARCIO EMERENCIANO ESTEVES BARBOSA,MARCIO ESTEVES,M,28/03/1960,Válido,51
51038,1560,Eleito,GILVAN AGUIAR COSTA,GILVAN PATRIOTA,M,24/09/1976,Válido,51
51123,1218,Suplente,LEONARDO PASSOS MONJARDIM,LEONARDO MONJARDIM,M,11/06/1973,Válido,51
51999,551,Suplente,JOSE SAIB BAHIA,ZE DA JABOUR PNEUS,M,01/08/1970,Válido,51
51325,267,Suplente,THIAGO FERREIRA DA SILVA,THIAGO FERREIRA,M,09/08/1985,Válido,51
51000,336,Suplente,RAFAEL HEBER CRYSTELLO MADEIRA,RAFAEL CRYSTELLO,M,25/03/1976,Válido,51
51006,29,Suplente,SIMONE ALVES MOREIRA BOSCHETTI,SIMONE DO PA,F,10/04/1973,Válido,51
51222,484,Suplente,SEGUNDO LUIS MENEGUELLI,SEGUNDO MENEGUELLI,M,18/01/1964,Válido,51
51888,76,Suplente,TEREZA BERNARDO DA MOTTA,TEREZA MOTTA,F,13/06/1959,Válido,51
51234,332,Suplente,EDUARDO LEITE SIMÕES,EDUARDO SIMÕES,M,13/10/1956,Válido,51
51051,84,Suplente,ANDREA ALVES BRAUM,ANDREA BRAUM,F,28/07/1969,Válido,51
51777,305,Suplente,MARTA DA SILVA BERNARDO,TIA MARTA,F,27/05/1962,Válido,51
51069,38,Suplente,FLAVIANE BRANDEMBERG CERQUEIRA,FLAVIANE BRANDEMBERG,F,29/08/1981,Válido,51
51236,343,Suplente,MARCELO LUIZ FRANCISCO,MARCELO FRANCISCO,M,06/02/1974,Válido,51
51510,642,Suplente,HECTOR SIQUEIRA RIBEIRO,HECTOR SIQUEIRA,M,10/01/1982,Válido,51
10225,139,Suplente,MARIA ADELINA DINIZ,ADELINA DINIZ,F,15/03/1955,Válido,10
10700,356,Suplente,SARA SOARES MARQUES,PROFESSORA SARA MARQUES,F,09/10/1966,Válido,10
10181,409,Suplente,JOSIMAR CAPUCHO MACHADO,CAPUCHO,M,15/09/1981,Válido,10
10300,175,Suplente,VANILZA LAUREANO DA SILVA,TUTY LAURIANO,F,08/07/1982,Válido,10
10123,1375,Suplente,ROGÉRIO ROSSETTI MARTINS,ROGÉRIO ROSSETTI,M,01/02/1974,Válido,10
10380,181,Suplente,JOSÉ CARLOS CAVATI ROSETTI,JÚNIOR FFH,M,04/07/1978,Válido,10
10111,27,Suplente,EDSON MESSIAS RIBEIRO,DR EDSON RIBEIRO,M,16/10/1959,Válido,10
10456,299,Suplente,RICHARDSON FLEGUER BORGES,RICHARDSON BORGES,M,12/08/1978,Válido,10
10555,298,Suplente,LUCINEA DOS SANTOS MARTINS,NEIA LIDER,F,13/12/1964,Válido,10
10333,717,Suplente,RONDINELLI FLORINDO VIEIRA,PROF RONDINELLI,M,30/03/1978,Válido,10
10151,127,Suplente,GIOVANNA FURTADO CHIABAI,GIOVANNA CHIABAI,F,09/05/1963,Válido,10
10280,15,Suplente,LUCIMAR SANTOS ARAÚJO,LUCIMAR PESCADORA,F,17/06/1967,Válido,10
10319,57,Suplente,MARCIO SANT ANNA LEAL,PROFESSOR MÁRCIO LEAL,M,19/03/1967,Válido,10
10321,345,Suplente,TERESA MARIA DA SILVA NEITZEL,TERESA FORMIGUINHA,F,10/09/1975,Válido,10
10400,106,Suplente,EDIONEY LOYOLA DOS SANTOS,EDIONEY DA TOP CAR,M,05/01/1976,Válido,10
10500,419,Suplente,LEANDRO PEREIRA MACHADO,LEANDRO LELÊ MACHADO,M,29/07/1969,Válido,10
10200,29,Suplente,DELANO RODRIGUES FERNANDES,DELLANO FERNANDES,M,29/06/1981,Válido,10
10100,189,Suplente,FLAVIO MELLO SANT'ANA,DR FLAVIO. MELLO,M,27/08/1978,Válido,10
10800,861,Suplente,ÍNDIO JORGE FERREIRA ALVES,INDIO,M,15/08/1962,Válido,10
10000,2364,Eleito,LEANDRO PIQUET DE AZEREDO BASTOS,DELEGADO PIQUET,M,08/10/1982,Válido,10
10600,47,Suplente,WILSON BARBOSA SOUZA,WILSON BARBOSA,M,26/04/1997,Válido,10
10190,279,Suplente,ROGÉRIO FERNANDES LIMA,CORONEL ROGÉRIO,M,22/03/1972,Válido,10
10444,971,Suplente,EVANDRO FIGUEIREDO BOLDRINE,EVANDRO FIGUEIREDO,M,16/01/1981,Válido,10
18181,64,Não eleito,PAULO ROBSON NEVES NETTO,PAULO ROBSON,M,12/06/1959,Válido,18
18333,262,Não eleito,JACKSON FELIPE SOUZA RAMOS,JACKSON FELIPE,M,03/06/1991,Válido,18
18018,1717,Não eleito,VITOR BURGO,VITOR BURGO,M,22/11/1984,Válido,18
18118,48,Não eleito,WHITNE FERNANDA ALVES DA SILVA SANTOS,WHITNE FERNANDA ALVES,F,02/03/1988,Válido,18
18777,66,Não eleito,ALEX MENEZES MARTINS,ALEX MENEZES,M,13/04/1982,Válido,18
18000,923,Não eleito,GEAN JACCOUD FARIA,PROFESSOR GEAN JACCOUD,M,21/04/1987,Válido,18
18123,182,Não eleito,CARLOS EDUARDO FERNANDES SANTOS,CARLOS EDUARDO,M,11/07/1977,Válido,18
18567,75,Não eleito,EDUARDO SOARES MARTINS DE OLIVEIRA,DUDU MARTINS,M,14/01/1989,Válido,18
18813,89,Não eleito,ANA MARIA MATTOS DOS SANTOS,ANA MARIA DO FORTE,F,13/09/1968,Válido,18
18555,28,Não eleito,MARILSA LIMA GAMA,MARILSA GAMA,F,29/09/1965,Válido,18
18007,73,Não eleito,LUCIANA ALVARENGA ALVES,LUCIANA ALVARENGA,F,05/05/1980,Válido,18
18888,152,Não eleito,NATAN LUIZ HORA GONZAGA DA SILVA,NATAN GONZAGA,M,04/05/2001,Válido,18
18222,814,Não eleito,ROBERTO MARTINS DE OLIVEIRA,PROFESSOR ROBERTO MARTINS,M,06/09/1967,Válido,18
18121,357,Não eleito,PAULO CESAR VILELA GRATZ,PAULO VILELA GRATZ,M,26/08/1969,Válido,18
18200,626,Não eleito,RUBIA DIAS FRAGA XIBILI,RUBIA XIBILI,F,14/04/1971,Válido,18
77670,5,Não eleito,JAQUELINE ARNALDO LOPES DE LIMA,JAQUELINE LOPES,F,22/10/1983,Válido,77
77000,40,Não eleito,EDSON LOBO DE AGUIAR,EDINHO LOBO,M,07/01/1953,Válido,77
77007,54,Não eleito,ELISA LEITE MELO,ELISA MELO,F,02/08/1961,Válido,77
77111,17,Não eleito,LUIZ FERNANDO REZENDE VIANA,LUIZ FERNANDO,M,29/12/1965,Válido,77
77010,159,Não eleito,LUCIANO PICOLI GAGNO,PROFESSOR LUCIANO,M,22/11/1983,Válido,77
77555,5,Não eleito,IRINEIA HENRIQUES MOREIRA,DONA IRINÉIA,F,16/05/1954,Válido,77
77888,83,Não eleito,AILTON RIBEIRO DA SILVA,DR AILTON RIBEIRO,M,19/11/1969,Válido,77
77123,25,Não eleito,IVANDRO FILIPE DE SOUZA COUTO,IVANDRO FILIPE,M,02/05/1975,Válido,77
77071,157,Não eleito,EMILIA DA SILVA SOUSA,EMILIA DO SALÃO,F,17/05/1973,Válido,77
77777,80,Não eleito,BRUNO MENDES MEDEIROS,BRUNO MEDEIROS,M,04/12/1977,Válido,77
